edge_tp,edge_fp,edge_fn,division_tp,division_fp,division_fn,num_pred_nodes,node_recall,total_node_ratio,edge_jaccard,adj_edge_jaccard,stem,label,gt_nodes,gt_edges,n_total
523,0,0,0,0,0,3461,1.0,-0.08511763150938409,1.0,1.0085117631509384,6bba_2540cd90,split_0,529,523,3783.0
635,6,4,0,0,0,5489,1.0,0.12272448353446512,0.9844961240310077,0.9724139461946689,6bba_fbc898dc,split_0,655,639,4889.0
922,18,13,0,0,0,6684,0.9989827060020345,0.2025908600215905,0.9674711437565582,0.9478710626505868,6bba_b693381b,split_0,983,935,5558.0
992,15,18,0,0,2,5809,0.9952696310312205,-0.026152556580050293,0.9678048780487805,0.9703359352319424,6bba_4f99ce20,split_0,1057,1010,5965.0
479,20,14,0,0,0,6975,0.9980657640232108,0.08223429014740109,0.9337231968810916,0.9260447904521237,6bba_c27cba08,split_0,517,493,6445.0
1319,33,24,0,0,0,7634,0.9985601151907847,0.015429635541367386,0.9585755813953488,0.9570965342093704,6bba_6feeb0b1,split_0,1389,1343,7518.0
1184,125,159,0,0,0,13484,0.9480994152046783,0.5215526969081471,0.8065395095367848,0.7644742239005963,6bba_6feb10f0,split_0,1368,1343,8862.0
483,29,17,0,0,0,10392,1.0,0.04305931948208371,0.9130434782608695,0.9091119751777227,6bba_312f0dc3,split_0,520,500,9963.0
367,109,83,0,0,1,23352,0.9810526315789474,0.9461621801816819,0.6565295169946332,0.5944111770793064,6bba_207c6aaf,split_0,475,450,11999.0
156,5,6,0,0,0,16527,0.9878787878787879,0.10011315982160687,0.9341317365269461,0.9247798485436104,44b6_db3c847b,split_0,165,162,15023.0
359,16,12,0,0,1,19223,1.0,0.05987759827975961,0.9276485788113695,0.9220940419166839,44b6_587a1e22,split_0,381,371,18137.0
1257,37,31,0,0,0,22602,0.9977645305514158,0.08345716887972772,0.9486792452830188,0.9407618368843911,6bba_283bf9f1,split_0,1342,1288,20861.0
877,37,41,0,0,5,25991,0.9903743315508021,0.08453995409972877,0.9183246073298429,0.9105610953146113,6bba_48816121,split_0,935,918,23965.0
552,51,52,0,0,0,27942,0.9886363636363636,0.013456167712451488,0.8427480916030534,0.8416140756370575,44b6_8f5ab931,split_0,616,604,27571.0
351,21,19,0,0,2,33826,0.9948586118251928,0.14509140148950575,0.8976982097186701,0.8846733805823999,6bba_f8ffd5e7,split_0,389,370,29540.0
159,2,5,0,0,1,28259,0.9880952380952381,-0.14738715906348057,0.9578313253012049,0.9719485290910203,44b6_c8e2a523,split_0,168,164,33144.0
618,17,13,0,0,0,34939,1.0,-0.11994660084128864,0.9537037037037037,0.9651430554506045,44b6_668e0cc7,split_0,643,631,39701.0
364,20,15,0,0,1,38031,1.0,-0.2090716246568505,0.9122807017543859,0.9313539026002741,44b6_eb2880fc,split_0,390,379,48084.0
201,27,23,0,0,0,31566,1.0,-0.45223593107397575,0.8007968127490039,0.8370117219704658,44b6_551a5dba,split_0,228,224,57627.0
1299,371,293,0,0,3,91509,0.9873417721518988,0.39684938407290377,0.6617422312786552,0.6354810315888588,6bba_57b7cc1e,split_0,1659,1592,65511.0
