gt_src,gt_tgt,kind,true_um,chosen_dist,chosen_prob
8000015,9000017,displaced,3.98,1.0,0.612
29000125,30000134,displaced,6.08,2.24,0.64
30000130,31000140,displaced,1.62,5.1,0.3
32000155,33000166,displaced,4.88,1.41,0.896
33000166,34000176,displaced,5.39,2.45,0.531
34000178,35000188,displaced,6.08,2.24,0.316
35000190,36000202,displaced,7.27,2.0,0.797
36000193,37000205,displaced,8.12,1.73,0.908
36000197,37000208,orphaned,7.08,,
36000198,37000209,orphaned,9.19,,
37000210,38000220,displaced,10.66,2.24,0.858
38000219,39000232,displaced,5.14,1.73,0.414
38000220,39000234,displaced,3.63,1.73,0.665
40000248,41000262,displaced,9.61,2.24,0.423
41000263,42000280,displaced,4.6,2.24,0.697
42000280,43000305,displaced,11.02,2.24,0.844
43000298,44000316,displaced,6.5,1.41,0.908
44000318,45000337,displaced,10.28,4.58,0.358
47000374,48000395,displaced,9.88,3.0,0.444
48000388,49000408,displaced,5.14,1.73,0.485
50000422,51000436,displaced,7.08,4.69,0.429
51000436,52000456,displaced,9.61,3.16,0.594
51000451,52000471,displaced,10.41,5.1,0.328
51000452,52000472,displaced,2.3,4.47,0.7
52000458,53000478,displaced,16.25,2.0,0.598
52000460,53000479,displaced,19.02,1.0,0.602
52000464,53000488,displaced,4.88,3.74,0.391
52000468,53000485,displaced,7.45,1.73,0.471
53000485,54000499,displaced,1.62,2.0,0.69
53000486,54000498,displaced,10.53,2.83,0.668
54000499,55000513,displaced,3.25,0.0,0.534
55000506,56000522,displaced,3.63,3.32,0.582
55000511,56000529,displaced,2.3,2.24,0.69
55000513,56000530,displaced,1.62,2.24,0.442
56000525,57000543,displaced,5.39,4.12,0.315
57000540,58000557,displaced,4.88,1.0,0.588
57000548,58000571,displaced,7.96,1.0,0.617
58000557,59000575,displaced,3.98,0.0,0.804
58000566,59000584,displaced,4.88,1.0,0.906
58000571,59000586,displaced,3.98,1.0,0.741
59000576,60000597,displaced,3.98,1.41,0.495
59000584,60000600,displaced,2.3,2.24,0.598
59000586,60000602,displaced,5.63,4.9,0.325
60000596,61000610,displaced,5.86,3.61,0.351
61000613,62000625,displaced,15.92,4.24,0.465
63000641,64000655,displaced,8.9,2.24,0.893
70000719,71000726,displaced,3.98,2.0,0.614
75000783,76000794,displaced,2.3,4.47,0.419
75000784,76000796,displaced,10.53,2.83,0.67
76000787,77000797,displaced,4.88,1.41,0.656
77000805,78000814,displaced,5.14,3.61,0.559
78000814,79000823,displaced,7.27,3.74,0.551
80000827,81000837,displaced,6.08,5.48,0.581
81000837,82000847,displaced,14.98,2.24,0.719
82000847,83000857,displaced,7.08,2.24,0.536
83000858,84000867,displaced,9.48,3.16,0.671
84000869,85000880,displaced,3.98,3.61,0.678
84000872,85000883,displaced,10.02,4.24,0.825
85000876,86000887,displaced,3.63,2.24,0.53
85000883,86000894,displaced,11.49,1.41,0.921
86000887,87000900,displaced,6.08,2.83,0.644
89000923,90000934,displaced,7.08,1.73,0.336
91000950,92000958,displaced,10.53,3.61,0.672
93000965,94000974,displaced,12.27,2.83,0.818
94000974,95000979,displaced,6.89,2.24,0.637
95000979,96000986,displaced,10.9,2.24,0.778
26000104,27000108,displaced,4.6,2.24,0.867
90000945,91000949,displaced,10.53,1.0,0.362
43000304,44000321,displaced,5.86,1.41,0.787
