edge_tp,edge_fp,edge_fn,division_tp,division_fp,division_fn,num_pred_nodes,node_recall,total_node_ratio,edge_jaccard,adj_edge_jaccard,method,stem,delta,d_tp,d_fp,d_fn
386,108,64,0,21,1,21718,0.9726315789473684,0.8099841653471123,0.6917562724014337,0.6357251097089631,ilp_app0.5,6bba_207c6aaf,-0.043343727598566306,-8,22,8
1198,129,145,0,21,0,12304,0.9429824561403509,0.38839990972692395,0.813858695652174,0.7822484312599963,ilp_app0.5,6bba_6feb10f0,-0.012341304347826099,-5,16,5
392,101,58,0,27,1,20840,0.9642105263157895,0.7368114009500791,0.7114337568058077,0.6590145065022811,ilp_app1.0,6bba_207c6aaf,-0.023666243194192305,-2,15,2
1202,134,141,0,28,0,11478,0.9407894736842105,0.29519295870006773,0.8138117806364252,0.7897886299013215,ilp_app1.0,6bba_6feb10f0,-0.012388219363574815,-1,21,1
394,86,56,0,20,1,19389,0.9536842105263158,0.6158846570547546,0.7350746268656716,0.68980250841799,ilp_app2.0,6bba_207c6aaf,-0.000025373134328376956,0,0,0
1203,113,140,0,20,0,10383,0.9342105263157895,0.17163168584969532,0.8262362637362637,0.8120554314507428,ilp_app2.0,6bba_6feb10f0,0.00003626373626364199,0,0,0
374,69,76,0,11,1,15901,0.8947368421052632,0.32519376614717893,0.720616570327553,0.6971825686822649,ilp_app5.0,6bba_207c6aaf,-0.014483429672446979,-20,-17,20
394,86,56,0,20,1,19409,0.9536842105263158,0.6175514626218852,0.7350746268656716,0.6896799857699585,pool4.0_app2.0,6bba_207c6aaf,-0.000025373134328376956,0,0,0
1203,113,140,0,20,0,10372,0.9342105263157895,0.17039043105393817,0.8262362637362637,0.812157988423222,pool4.0_app2.0,6bba_6feb10f0,0.00003626373626364199,0,0,0
394,86,56,0,20,1,19409,0.9536842105263158,0.6175514626218852,0.7350746268656716,0.6896799857699585,pool5.0_app2.0,6bba_207c6aaf,-0.000025373134328376956,0,0,0
1203,113,140,0,20,0,10372,0.9342105263157895,0.17039043105393817,0.8262362637362637,0.812157988423222,pool5.0_app2.0,6bba_6feb10f0,0.00003626373626364199,0,0,0
382,84,68,0,16,1,17308,0.9347368421052632,0.4424535377948162,0.7153558052434457,0.6837046345622435,pool6.0_app2.0,6bba_207c6aaf,-0.019744194756554312,-12,-2,12
1179,112,164,0,17,0,9162,0.9181286549707602,0.033852403520649964,0.8103092783505155,0.8075661866837907,pool6.0_app2.0,6bba_6feb10f0,-0.015890721649484574,-24,-1,24
385,120,65,0,20,1,21298,0.968421052631579,0.7749812484373698,0.6754385964912281,0.6230933718160724,th0.1_app2.0,6bba_207c6aaf,-0.059661403508771915,-9,34,9
1188,170,155,0,31,0,11627,0.939327485380117,0.31200631911532384,0.7851949768671513,0.7606963974151352,th0.1_app2.0,6bba_6feb10f0,-0.041005023132848706,-15,57,15
395,94,55,0,21,1,20365,0.9621052631578947,0.6972247687307276,0.7261029411764706,0.675477245652824,th0.2_app2.0,6bba_207c6aaf,-0.008997058823529414,1,8,-1
1201,136,142,0,25,0,10914,0.9378654970760234,0.23155044008124576,0.8120351588911426,0.7932324490508738,th0.2_app2.0,6bba_6feb10f0,-0.014164841108857407,-2,23,2
367,109,83,0,0,1,23352,0.9810526315789474,0.9461621801816819,0.6565295169946332,0.5944111770793064,unet_transformer,6bba_207c6aaf,-0.07857048300536673,-27,23,27
1184,125,159,0,0,0,13484,0.9480994152046783,0.5215526969081471,0.8065395095367848,0.7644742239005963,unet_transformer,6bba_6feb10f0,-0.019660490463215274,-19,12,19
